Person{givenName='bianca', surname='iu', dateOfBirth='03/01/1990', sex='f'}
Person{givenName='olivia', surname='ly', dateOfBirth='25/02/1980', sex='f'}
Person{givenName='jack', surname='scollard', dateOfBirth='09/04/1977', sex='f'}
Person{givenName='madison', surname='p', dateOfBirth='05/06/1986', sex='f'}
Person{givenName='abby', surname='vu', dateOfBirth='11/08/1997', sex='f'}
Person{givenName='nicolas', surname='mugo', dateOfBirth='05/04/1992', sex='m'}
Person{givenName='harley', surname='conrad', dateOfBirth='20/07/1987', sex='f'}
Person{givenName='silas', surname='pu', dateOfBirth='16/10/1994', sex='f'}
Person{givenName='samuel', surname='gonsalez', dateOfBirth='25/08/1983', sex='m'}
Person{givenName='madelyn', surname='fa', dateOfBirth='22/10/1989', sex='f'}
Person{givenName='laklynn', surname='yo', dateOfBirth='17/12/1988', sex='f'}
Person{givenName='lucy', surname='le', dateOfBirth='07/09/1983', sex='f'}
Person{givenName='luke', surname='sa', dateOfBirth='21/09/1989', sex='f'}
Person{givenName='zac', surname='streckfuss', dateOfBirth='27/04/1988', sex='f'}
Person{givenName='danielle', surname='si', dateOfBirth='17/07/1991', sex='f'}
Person{givenName='izaac', surname='ho', dateOfBirth='22/07/1992', sex='f'}
Person{givenName='tenille', surname='rice', dateOfBirth='10/05/1992', sex='f'}
Person{givenName='paige', surname='bi', dateOfBirth='18/03/1990', sex='f'}
Person{givenName='alex', surname='stevens', dateOfBirth='16/05/1987', sex='f'}
Person{givenName='brooke', surname='stenmark', dateOfBirth='11/01/1989', sex='f'}
Person{givenName='naomi', surname='steed', dateOfBirth='20/07/1979', sex='f'}
Person{givenName='matthew', surname='jo', dateOfBirth='26/08/1984', sex='f'}
Person{givenName='natan', surname='landri', dateOfBirth='05/03/1986', sex='m'}
Person{givenName='leah', surname='steele', dateOfBirth='13/06/1990', sex='f'}
Person{givenName='georgia', surname='ju', dateOfBirth='24/06/1987', sex='f'}
Person{givenName='ashton', surname='ec', dateOfBirth='27/01/1997', sex='f'}
Person{givenName='noa', surname='zo', dateOfBirth='25/01/1996', sex='f'}
Person{givenName='thomas', surname='ec', dateOfBirth='17/10/1996', sex='f'}
Person{givenName='luke', surname='abbetmeyer', dateOfBirth='13/11/1984', sex='f'}
Person{givenName='mitchell', surname='sang', dateOfBirth='30/06/1984', sex='f'}
Person{givenName='olivia', surname='ga', dateOfBirth='30/08/1980', sex='f'}
Person{givenName='sarsha', surname='halim', dateOfBirth='05/01/1982', sex='f'}
Person{givenName='chloe', surname='parker', dateOfBirth='31/03/1994', sex='f'}
Person{givenName='melissa', surname='johl', dateOfBirth='11/07/1987', sex='m'}
Person{givenName='tyrone', surname='pi', dateOfBirth='07/07/1983', sex='f'}
Person{givenName='caitlin', surname='tolkien', dateOfBirth='15/03/1987', sex='f'}
Person{givenName='ellorah', surname='kocsis', dateOfBirth='09/05/1995', sex='m'}
Person{givenName='lauren', surname='michael', dateOfBirth='20/04/1992', sex='f'}
Person{givenName='lachlan', surname='mi', dateOfBirth='17/12/1981', sex='f'}
Person{givenName='georgia', surname='ng', dateOfBirth='15/05/1984', sex='f'}
Person{givenName='teagan', surname='streckfuss', dateOfBirth='20/03/1983', sex='f'}
Person{givenName='harrison', surname='mehrabi', dateOfBirth='24/07/1987', sex='f'}
Person{givenName='john-paul', surname='scofield', dateOfBirth='26/03/1987', sex='f'}
Person{givenName='zac', surname='morrow', dateOfBirth='28/01/1988', sex='f'}
Person{givenName='kimberly', surname='scorsone', dateOfBirth='12/05/1990', sex='f'}
Person{givenName='alyssa', surname='ai', dateOfBirth='01/08/1986', sex='f'}
Person{givenName='emiily', surname='nordrop', dateOfBirth='21/09/1988', sex='f'}
Person{givenName='jackson', surname='scottjackson', dateOfBirth='04/10/1981', sex='f'}
Person{givenName='keeley', surname='qu', dateOfBirth='03/03/1986', sex='f'}
Person{givenName='robert', surname='abbondandola', dateOfBirth='10/07/1999', sex='f'}
Person{givenName='malyah', surname='jkiri', dateOfBirth='12/02/2007', sex='f'}
Person{givenName='jackson', surname='ka', dateOfBirth='17/05/1990', sex='m'}
Person{givenName='andar', surname='ckonk', dateOfBirth='10/09/1983', sex='f'}
Person{givenName='jackson', surname='loeffelmann', dateOfBirth='13/05/1998', sex='f'}
Person{givenName='timothi', surname='dunkan', dateOfBirth='08/02/1975', sex='f'}
Person{givenName='trent', surname='murtockh', dateOfBirth='11/09/1988', sex='f'}
Person{givenName='jonathon', surname='scofield', dateOfBirth='12/08/1991', sex='f'}
Person{givenName='brodie', surname='strazzari', dateOfBirth='15/06/1988', sex='f'}
Person{givenName='nicholazt', surname='rutherfurd', dateOfBirth='25/05/1987', sex='m'}
Person{givenName='laura', surname='steed', dateOfBirth='09/02/1986', sex='f'}
Person{givenName='sophie', surname='lu', dateOfBirth='24/03/1976', sex='f'}
Person{givenName='wilson', surname='strampher', dateOfBirth='04/06/1988', sex='f'}
Person{givenName='mitchell', surname='malanchyn', dateOfBirth='13/02/1980', sex='f'}
Person{givenName='isabella', surname='li', dateOfBirth='27/05/2009', sex='f'}
Person{givenName='reuben', surname='fischer', dateOfBirth='24/11/1987', sex='f'}
Person{givenName='monique', surname='po', dateOfBirth='11/05/2010', sex='f'}
Person{givenName='ecsloe', surname='bubelstky', dateOfBirth='15/02/1996', sex='f'}
Person{givenName='amy', surname='ou', dateOfBirth='18/01/1985', sex='f'}
Person{givenName='reupen', surname='li', dateOfBirth='06/09/1992', sex='f'}
Person{givenName='charlie', surname='strainij', dateOfBirth='07/01/1986', sex='f'}
Person{givenName='alicia', surname='marguin', dateOfBirth='09/09/1991', sex='m'}
Person{givenName='taylah', surname='rosales', dateOfBirth='12/09/1988', sex='m'}
Person{givenName='benjamin', surname='fairburn', dateOfBirth='23/10/1989', sex='f'}
Person{givenName='isabella', surname='sz', dateOfBirth='08/12/1991', sex='f'}
Person{givenName='jack', surname='scollard', dateOfBirth='16/06/1986', sex='f'}
Person{givenName='gioahgia', surname='parera', dateOfBirth='27/12/2008', sex='f'}
Person{givenName='daniel', surname='strankway', dateOfBirth='30/09/1995', sex='f'}
Person{givenName='barnaby', surname='steed', dateOfBirth='24/03/1986', sex='f'}
Person{givenName='jordan', surname='mourge', dateOfBirth='04/12/1990', sex='f'}
Person{givenName='aliza', surname='id', dateOfBirth='27/03/1993', sex='f'}
Person{givenName='samuel', surname='hardwick', dateOfBirth='10/04/1999', sex='f'}
Person{givenName='emiily', surname='po', dateOfBirth='26/05/1993', sex='f'}
Person{givenName='callum', surname='scollard', dateOfBirth='22/03/1991', sex='m'}
Person{givenName='talia', surname='tirmizi', dateOfBirth='03/03/1992', sex='f'}
Person{givenName='harvey', surname='fu', dateOfBirth='13/09/1993', sex='m'}
Person{givenName='michael', surname='ma', dateOfBirth='18/11/1992', sex='f'}
Person{givenName='dyron', surname='pahilasani', dateOfBirth='29/01/1991', sex='f'}
Person{givenName='samuel', surname='valenzuela', dateOfBirth='22/01/1984', sex='f'}
Person{givenName='clain', surname='am', dateOfBirth='24/03/1990', sex='f'}
Person{givenName='maddison', surname='steenbeck', dateOfBirth='31/12/1990', sex='f'}
Person{givenName='erin', surname='su', dateOfBirth='31/10/1985', sex='f'}
Person{givenName='luke', surname='strangway', dateOfBirth='29/07/1996', sex='f'}
Person{givenName='arabella', surname='bi', dateOfBirth='07/06/2007', sex='f'}
Person{givenName='tanar', surname='hobson', dateOfBirth='17/11/1988', sex='f'}
Person{givenName='brotie', surname='stratsjary', dateOfBirth='15/06/1988', sex='f'}
Person{givenName='rupy', surname='on', dateOfBirth='05/11/1983', sex='f'}
Person{givenName='grayson', surname='tyler', dateOfBirth='31/12/1991', sex='m'}
Person{givenName='kope', surname='mlacnick', dateOfBirth='05/01/1988', sex='m'}
Person{givenName='samantha', surname='wo', dateOfBirth='18/08/1987', sex='f'}
Person{givenName='samuel', surname='gardyner', dateOfBirth='13/09/1992', sex='f'}
Person{givenName='georgia', surname='maninder', dateOfBirth='08/03/1986', sex='f'}
Person{givenName='natalia', surname='macdonald', dateOfBirth='30/01/1991', sex='f'}
Person{givenName='talyah', surname='strampher', dateOfBirth='23/04/1994', sex='f'}
Person{givenName='jye', surname='winter', dateOfBirth='10/09/1983', sex='f'}
Person{givenName='holly', surname='in', dateOfBirth='20/01/1998', sex='f'}
Person{givenName='jack', surname='abbondandola', dateOfBirth='23/10/1982', sex='f'}
Person{givenName='kai', surname='na', dateOfBirth='12/01/1989', sex='m'}
Person{givenName='alexander', surname='ho', dateOfBirth='22/09/1994', sex='f'}
Person{givenName='zachary', surname='pi', dateOfBirth='26/12/1982', sex='f'}
Person{givenName='matthew', surname='manwani', dateOfBirth='10/05/1979', sex='f'}
Person{givenName='nicola', surname='tai', dateOfBirth='02/08/1998', sex='m'}
Person{givenName='alysha', surname='ke', dateOfBirth='16/02/2006', sex='f'}
Person{givenName='kai', surname='scoby', dateOfBirth='05/10/1994', sex='f'}
Person{givenName='thomas', surname='oliverson', dateOfBirth='15/04/1996', sex='f'}
Person{givenName='lyndon', surname='fuentes', dateOfBirth='25/08/1992', sex='m'}
Person{givenName='jack', surname='gardyner', dateOfBirth='09/02/2009', sex='f'}
Person{givenName='adriana', surname='aaron', dateOfBirth='13/11/1986', sex='f'}
Person{givenName='jackson', surname='strainij', dateOfBirth='22/12/1989', sex='f'}
Person{givenName='meckan', surname='stranjyah', dateOfBirth='05/09/1983', sex='f'}
Person{givenName='matthew', surname='kadish', dateOfBirth='19/11/1989', sex='f'}
Person{givenName='talia', surname='dambendzet', dateOfBirth='25/06/2010', sex='f'}
Person{givenName='atam', surname='meriluodo', dateOfBirth='17/04/1994', sex='f'}
Person{givenName='blake', surname='strapp', dateOfBirth='09/04/1988', sex='f'}
Person{givenName='kye', surname='rajaji', dateOfBirth='08/09/1995', sex='f'}
Person{givenName='brooke', surname='an', dateOfBirth='07/12/1996', sex='f'}
Person{givenName='aleesha', surname='victorsen', dateOfBirth='27/03/1987', sex='f'}
Person{givenName='jackson', surname='streich', dateOfBirth='11/11/1991', sex='f'}
Person{givenName='jacob', surname='aarnoudse', dateOfBirth='25/05/1994', sex='f'}
Person{givenName='tanar', surname='hobson', dateOfBirth='17/11/1988', sex='f'}
Person{givenName='georgia', surname='strahn', dateOfBirth='27/07/1990', sex='f'}
Person{givenName='shawn', surname='su', dateOfBirth='17/01/1983', sex='f'}
Person{givenName='ayten', surname='ay', dateOfBirth='17/10/1977', sex='f'}
Person{givenName='nicole', surname='relovsky', dateOfBirth='08/08/1995', sex='m'}
Person{givenName='zoel', surname='pu', dateOfBirth='15/05/1990', sex='f'}
Person{givenName='charlotte', surname='stranger', dateOfBirth='25/10/1993', sex='f'}
Person{givenName='cooper', surname='ng', dateOfBirth='27/08/1997', sex='f'}
Person{givenName='elijabeth', surname='ficko', dateOfBirth='21/10/1992', sex='m'}
Person{givenName='levi', surname='danil', dateOfBirth='19/07/1988', sex='f'}
Person{givenName='alexandra', surname='so', dateOfBirth='29/01/1984', sex='m'}
Person{givenName='bryton', surname='kkoleman', dateOfBirth='18/10/1999', sex='m'}
Person{givenName='nicolas', surname='pressli', dateOfBirth='28/04/1982', sex='m'}
Person{givenName='mark', surname='jye', dateOfBirth='21/04/1996', sex='m'}
Person{givenName='sebastian', surname='hurst', dateOfBirth='11/08/1993', sex='f'}
Person{givenName='laetitia', surname='sa', dateOfBirth='07/10/1991', sex='f'}
Person{givenName='nicholas', surname='saldvar', dateOfBirth='15/12/1993', sex='f'}
Person{givenName='rupy', surname='denel', dateOfBirth='15/01/1980', sex='f'}
Person{givenName='ty', surname='reed', dateOfBirth='01/08/1995', sex='f'}
Person{givenName='maria', surname='huo', dateOfBirth='25/12/1981', sex='f'}
Person{givenName='bayden', surname='lukeson', dateOfBirth='31/01/1987', sex='f'}
Person{givenName='lilian', surname='mueller', dateOfBirth='05/04/1990', sex='f'}
Person{givenName='nicole', surname='salmela', dateOfBirth='02/01/1987', sex='f'}
Person{givenName='joel', surname='babcock', dateOfBirth='01/06/1997', sex='f'}
Person{givenName='stepany', surname='jtun', dateOfBirth='10/11/1985', sex='f'}
Person{givenName='dante', surname='strahn', dateOfBirth='27/10/1974', sex='f'}
Person{givenName='jordan', surname='andr√Åssy', dateOfBirth='30/07/1995', sex='m'}
Person{givenName='taylah', surname='strazzari', dateOfBirth='04/09/1998', sex='f'}
Person{givenName='catherine', surname='danel', dateOfBirth='10/10/1988', sex='m'}
Person{givenName='ka', surname='scorsone', dateOfBirth='15/07/1993', sex='f'}
Person{givenName='charlotte', surname='streckfuss', dateOfBirth='08/05/2006', sex='f'}
Person{givenName='samuel', surname='salvage', dateOfBirth='31/10/1997', sex='f'}
Person{givenName='harrison', surname='andrewson', dateOfBirth='07/01/1984', sex='m'}
Person{givenName='michael', surname='xi', dateOfBirth='13/07/1985', sex='m'}
Person{givenName='kyl', surname='grei', dateOfBirth='30/10/1989', sex='f'}
Person{givenName='mickaela', surname='spenker', dateOfBirth='24/12/2006', sex='f'}
Person{givenName='teagan', surname='strangway', dateOfBirth='03/04/1991', sex='f'}
Person{givenName='lachlan', surname='sandoval', dateOfBirth='10/06/1985', sex='f'}
Person{givenName='natasha', surname='strawbridge', dateOfBirth='18/01/1997', sex='f'}
Person{givenName='nicholas', surname='byrd', dateOfBirth='26/05/1993', sex='f'}
Person{givenName='zoe', surname='lu', dateOfBirth='25/12/1972', sex='f'}
Person{givenName='lucas', surname='ju', dateOfBirth='25/08/2007', sex='f'}
Person{givenName='amelia', surname='hartman', dateOfBirth='01/03/1989', sex='f'}
Person{givenName='mickael', surname='herring', dateOfBirth='01/01/1981', sex='f'}
Person{givenName='bayley', surname='ka', dateOfBirth='18/10/1990', sex='f'}
Person{givenName='lia', surname='raif', dateOfBirth='16/11/1984', sex='f'}
Person{givenName='brydon', surname='mark', dateOfBirth='20/04/1989', sex='f'}
Person{givenName='portia', surname='ke', dateOfBirth='13/09/1992', sex='f'}
Person{givenName='alexandra', surname='shaukat', dateOfBirth='15/06/1989', sex='f'}
Person{givenName='danielle', surname='scorsone', dateOfBirth='06/11/1986', sex='f'}
Person{givenName='ebony', surname='okeano', dateOfBirth='08/02/1991', sex='f'}
Person{givenName='alicia', surname='mcgrory', dateOfBirth='07/02/1986', sex='m'}
Person{givenName='alexandra', surname='fadyaa', dateOfBirth='01/12/1983', sex='f'}
Person{givenName='ben', surname='calhoun', dateOfBirth='27/02/1981', sex='f'}
Person{givenName='silas', surname='mu', dateOfBirth='01/12/1983', sex='f'}
Person{givenName='kieren', surname='mester', dateOfBirth='25/10/1982', sex='f'}
Person{givenName='samuel', surname='ip', dateOfBirth='31/07/1989', sex='f'}
Person{givenName='uk', surname='yong', dateOfBirth='15/02/1995', sex='m'}
Person{givenName='jake', surname='pangk', dateOfBirth='07/01/1987', sex='f'}
Person{givenName='danjel', surname='wo', dateOfBirth='14/08/1987', sex='f'}
Person{givenName='kayla', surname='bi', dateOfBirth='05/11/1981', sex='f'}
Person{givenName='brock', surname='strehovski', dateOfBirth='04/05/1996', sex='f'}
Person{givenName='olivia', surname='li', dateOfBirth='25/02/1980', sex='f'}
Person{givenName='harrizon', surname='du', dateOfBirth='15/12/1998', sex='f'}
Person{givenName='jack', surname='marwat', dateOfBirth='27/02/1981', sex='f'}
Person{givenName='kelsy', surname='lo', dateOfBirth='26/12/1985', sex='f'}
Person{givenName='nicholas', surname='si', dateOfBirth='23/01/1992', sex='f'}
Person{givenName='josthua', surname='vaner', dateOfBirth='01/01/1997', sex='f'}
Person{givenName='keorjia', surname='pop', dateOfBirth='17/04/1985', sex='f'}
Person{givenName='nicole', surname='vellore', dateOfBirth='13/11/1981', sex='m'}
Person{givenName='dony', surname='markhant', dateOfBirth='17/08/1983', sex='f'}
Person{givenName='alivia', surname='stramfer', dateOfBirth='02/12/2009', sex='m'}
Person{givenName='jacinta', surname='abramsd', dateOfBirth='02/11/1997', sex='f'}
Person{givenName='evangelia', surname='kabba', dateOfBirth='04/04/1985', sex='m'}
Person{givenName='marianne', surname='pak', dateOfBirth='25/11/2005', sex='f'}
Person{givenName='alana', surname='strawbridge', dateOfBirth='18/07/2011', sex='f'}
Person{givenName='oliver', surname='stratou', dateOfBirth='10/07/1990', sex='f'}
Person{givenName='annabel', surname='ortega', dateOfBirth='11/12/1984', sex='f'}
Person{givenName='carlotte', surname='vastquej', dateOfBirth='24/08/1991', sex='f'}
Person{givenName='maston', surname='vaahlei', dateOfBirth='23/06/1999', sex='f'}
Person{givenName='lucy', surname='kakar', dateOfBirth='08/12/1986', sex='f'}
Person{givenName='hannah', surname='ni', dateOfBirth='14/06/1976', sex='f'}
Person{givenName='ruby', surname='on', dateOfBirth='05/11/1983', sex='f'}
Person{givenName='hayley', surname='qi', dateOfBirth='22/11/1988', sex='f'}
Person{givenName='ella', surname='lo', dateOfBirth='31/10/1989', sex='f'}
Person{givenName='xepheren', surname='ao', dateOfBirth='22/01/1991', sex='f'}
Person{givenName='tabita', surname='istrani', dateOfBirth='09/06/1985', sex='f'}
Person{givenName='madeleine', surname='sohnker', dateOfBirth='31/07/1987', sex='f'}
Person{givenName='william', surname='premadasa', dateOfBirth='03/12/1991', sex='f'}
Person{givenName='ella', surname='abbondandola', dateOfBirth='11/03/1984', sex='f'}
Person{givenName='harrison', surname='mercer', dateOfBirth='09/03/1983', sex='f'}
Person{givenName='elise', surname='vilfort', dateOfBirth='25/01/1987', sex='f'}
Person{givenName='chelsea', surname='timberlake', dateOfBirth='02/10/2005', sex='f'}
Person{givenName='zac', surname='yo', dateOfBirth='25/01/1985', sex='f'}
Person{givenName='ka', surname='joshipura', dateOfBirth='02/05/1981', sex='f'}
Person{givenName='matthew', surname='strand', dateOfBirth='02/03/1987', sex='f'}
Person{givenName='alexandra', surname='kandrel', dateOfBirth='29/09/1996', sex='f'}
Person{givenName='kaitlin', surname='wen', dateOfBirth='10/09/1983', sex='f'}
Person{givenName='wiliam', surname='klasenz', dateOfBirth='21/12/1976', sex='v'}
Person{givenName='taylah', surname='tu', dateOfBirth='10/08/1982', sex='f'}
Person{givenName='elton', surname='wilco', dateOfBirth='31/03/1995', sex='m'}
Person{givenName='alyssa', surname='merrick', dateOfBirth='02/10/1993', sex='f'}
Person{givenName='rebekah', surname='rasmussen', dateOfBirth='12/03/1988', sex='m'}
Person{givenName='dante', surname='aaron', dateOfBirth='24/03/1983', sex='f'}
Person{givenName='alannah', surname='scirri', dateOfBirth='29/08/1997', sex='f'}
Person{givenName='hayley', surname='qi', dateOfBirth='22/11/1988', sex='f'}
Person{givenName='olivia', surname='qu', dateOfBirth='19/02/1988', sex='f'}
Person{givenName='kynan', surname='do', dateOfBirth='11/09/1986', sex='f'}
Person{givenName='elija', surname='holoway', dateOfBirth='01/07/1990', sex='m'}
Person{givenName='benedict', surname='kewalramani', dateOfBirth='23/11/1993', sex='f'}
Person{givenName='jack', surname='clausson', dateOfBirth='21/12/1993', sex='f'}
Person{givenName='tusttcany', surname='ecsuy', dateOfBirth='12/04/1986', sex='f'}
Person{givenName='jarred', surname='steele', dateOfBirth='02/02/1993', sex='f'}
Person{givenName='jacob', surname='badcocke', dateOfBirth='28/12/1990', sex='f'}
Person{givenName='daniel', surname='strapp', dateOfBirth='30/05/1982', sex='f'}
Person{givenName='lacey', surname='streich', dateOfBirth='25/01/1986', sex='f'}
Person{givenName='olivya', surname='priteczett', dateOfBirth='24/03/1997', sex='f'}
Person{givenName='lucas', surname='scollard', dateOfBirth='20/06/1993', sex='f'}
Person{givenName='daniel', surname='stratou', dateOfBirth='01/02/1997', sex='f'}
Person{givenName='spencer', surname='scjum', dateOfBirth='17/11/2005', sex='f'}
Person{givenName='hannah', surname='olofsson', dateOfBirth='08/05/1993', sex='f'}
Person{givenName='oskar', surname='mulen', dateOfBirth='13/03/1996', sex='f'}
Person{givenName='christopher', surname='quickley', dateOfBirth='14/09/2005', sex='f'}
Person{givenName='evan', surname='scofield', dateOfBirth='30/10/1988', sex='f'}
Person{givenName='samuel', surname='lancaster', dateOfBirth='03/08/1981', sex='f'}
Person{givenName='zulia', surname='lankk', dateOfBirth='18/04/1998', sex='m'}
Person{givenName='jesse', surname='qi', dateOfBirth='27/02/1980', sex='m'}
Person{givenName='imogen', surname='kinney', dateOfBirth='16/06/1983', sex='f'}
Person{givenName='taliah', surname='scollard', dateOfBirth='24/02/1993', sex='f'}
Person{givenName='ka', surname='mcnabb', dateOfBirth='30/06/1980', sex='f'}
Person{givenName='matthew', surname='manju', dateOfBirth='24/06/1981', sex='f'}
Person{givenName='meggie', surname='abrams', dateOfBirth='17/09/1987', sex='f'}
Person{givenName='andrew', surname='strazzari', dateOfBirth='30/08/1995', sex='f'}
Person{givenName='jaiden', surname='st', dateOfBirth='16/02/1990', sex='f'}
Person{givenName='ambeah', surname='isckandar', dateOfBirth='31/07/1990', sex='f'}
Person{givenName='atam', surname='mamdora', dateOfBirth='07/04/1979', sex='f'}
Person{givenName='henry', surname='lalidej', dateOfBirth='26/07/1977', sex='m'}
Person{givenName='gemaley', surname='sokol', dateOfBirth='06/10/1993', sex='m'}
Person{givenName='jye', surname='maddox', dateOfBirth='30/11/1998', sex='f'}
Person{givenName='christian', surname='mlacnik', dateOfBirth='10/09/1983', sex='f'}
Person{givenName='jared', surname='ce', dateOfBirth='15/10/1992', sex='m'}
Person{givenName='harrison', surname='tu', dateOfBirth='15/12/1998', sex='f'}
Person{givenName='lucas', surname='scolastique', dateOfBirth='22/01/1990', sex='f'}
Person{givenName='molly', surname='kimball', dateOfBirth='30/11/1992', sex='f'}
Person{givenName='lachlan', surname='mi', dateOfBirth='17/12/1981', sex='f'}
Person{givenName='harrison', surname='streich', dateOfBirth='25/06/1991', sex='f'}
Person{givenName='elly', surname='nageshwar', dateOfBirth='27/12/1987', sex='f'}
Person{givenName='lachlan', surname='si', dateOfBirth='19/03/1991', sex='f'}
Person{givenName='rian', surname='at', dateOfBirth='14/10/1986', sex='m'}
Person{givenName='samuel', surname='valenta', dateOfBirth='23/03/1997', sex='f'}
Person{givenName='olivia', surname='steed', dateOfBirth='25/03/1988', sex='f'}
Person{givenName='aleandra', surname='akerz', dateOfBirth='18/04/1996', sex='f'}
Person{givenName='mikaela', surname='dmitrovic', dateOfBirth='26/05/1989', sex='f'}
Person{givenName='bruklyn', surname='mckckay', dateOfBirth='30/09/1987', sex='f'}
Person{givenName='april', surname='norut', dateOfBirth='06/12/1986', sex='f'}
Person{givenName='katharine', surname='strangway', dateOfBirth='24/03/1983', sex='f'}
Person{givenName='eliza', surname='burgess', dateOfBirth='23/06/1981', sex='f'}
Person{givenName='melinda', surname='petiot', dateOfBirth='16/02/1986', sex='f'}
Person{givenName='brooke', surname='chaw', dateOfBirth='11/08/1995', sex='f'}
Person{givenName='kayla', surname='fa', dateOfBirth='13/11/1996', sex='m'}
Person{givenName='samuel', surname='streich', dateOfBirth='06/02/1986', sex='f'}
Person{givenName='nicola', surname='tai', dateOfBirth='02/08/1998', sex='m'}
Person{givenName='joxua', surname='tanta', dateOfBirth='17/05/1977', sex='f'}
Person{givenName='apbey', surname='adenoea', dateOfBirth='29/06/1985', sex='f'}
Person{givenName='jackson', surname='du', dateOfBirth='24/09/1985', sex='f'}
Person{givenName='jack', surname='sa', dateOfBirth='12/03/1994', sex='m'}
Person{givenName='chantelle', surname='stratou', dateOfBirth='20/01/1982', sex='f'}
Person{givenName='jak', surname='berrie', dateOfBirth='05/08/1993', sex='m'}
Person{givenName='finlay', surname='granger', dateOfBirth='22/02/1986', sex='f'}
Person{givenName='nicolas', surname='stranger', dateOfBirth='27/09/1984', sex='f'}
Person{givenName='jackson', surname='shabani', dateOfBirth='04/04/1992', sex='f'}
Person{givenName='georgia', surname='toyoda', dateOfBirth='19/03/1986', sex='f'}
Person{givenName='kynan', surname='alberts', dateOfBirth='06/07/1996', sex='f'}
Person{givenName='campbell', surname='straw', dateOfBirth='16/02/1992', sex='f'}
Person{givenName='dean', surname='maresca', dateOfBirth='05/07/1993', sex='m'}
Person{givenName='shai', surname='scime', dateOfBirth='05/08/1993', sex='f'}
Person{givenName='abbey', surname='pau', dateOfBirth='05/06/2007', sex='m'}
Person{givenName='jacob', surname='sclater', dateOfBirth='11/01/2006', sex='f'}
Person{givenName='aliza', surname='sa', dateOfBirth='13/10/1986', sex='f'}
Person{givenName='jarvis', surname='steed', dateOfBirth='30/06/1980', sex='f'}
Person{givenName='alysha', surname='merchant', dateOfBirth='04/05/1993', sex='f'}
Person{givenName='nicolas', surname='pressley', dateOfBirth='28/04/1982', sex='m'}
Person{givenName='harrison', surname='schlarp', dateOfBirth='23/04/1996', sex='f'}
Person{givenName='izaak', surname='o', dateOfBirth='22/07/1992', sex='f'}
Person{givenName='taniel', surname='narastimpan', dateOfBirth='08/05/1988', sex='m'}
Person{givenName='george', surname='tu', dateOfBirth='22/08/1981', sex='f'}
Person{givenName='krysdin', surname='bridton', dateOfBirth='27/10/1993', sex='m'}
Person{givenName='samantha', surname='milligan', dateOfBirth='30/09/1985', sex='f'}
Person{givenName='olivia', surname='abbatista', dateOfBirth='08/11/1994', sex='m'}
Person{givenName='rachel', surname='lakhra', dateOfBirth='28/07/1980', sex='m'}
Person{givenName='jesttsika', surname='apasti', dateOfBirth='03/05/1996', sex='f'}
Person{givenName='patrikk', surname='reickel', dateOfBirth='14/08/1992', sex='f'}
Person{givenName='emiili', surname='trantanh', dateOfBirth='15/07/1996', sex='m'}
Person{givenName='harry', surname='abadi', dateOfBirth='28/07/1990', sex='f'}
Person{givenName='sarah', surname='evensen', dateOfBirth='19/08/1988', sex='f'}
Person{givenName='jenna', surname='adams', dateOfBirth='07/12/1985', sex='m'}
Person{givenName='talia', surname='liau', dateOfBirth='09/09/2006', sex='m'}
Person{givenName='harrison', surname='strainij', dateOfBirth='10/12/1993', sex='f'}
Person{givenName='aleanteah', surname='jtreich', dateOfBirth='22/10/1984', sex='m'}
Person{givenName='stephanie', surname='ganga', dateOfBirth='15/01/1994', sex='f'}
Person{givenName='harley', surname='strazzari', dateOfBirth='26/11/1987', sex='f'}
Person{givenName='prudenk', surname='un', dateOfBirth='09/09/2006', sex='f'}
Person{givenName='jonah', surname='josdeph', dateOfBirth='19/01/1972', sex='f'}
Person{givenName='timothy', surname='dodson', dateOfBirth='12/07/2006', sex='f'}
Person{givenName='tansy', surname='liyana', dateOfBirth='23/05/1992', sex='f'}
Person{givenName='olivia', surname='pritchett', dateOfBirth='24/03/1997', sex='f'}
Person{givenName='aliza', surname='evensen', dateOfBirth='05/08/1986', sex='f'}
Person{givenName='daniel', surname='scinto', dateOfBirth='25/06/1999', sex='f'}
Person{givenName='noa', surname='vizalackshi', dateOfBirth='18/02/1982', sex='f'}
Person{givenName='jayte', surname='vazselile', dateOfBirth='19/05/1989', sex='m'}
Person{givenName='sonza', surname='stsuma', dateOfBirth='01/02/2010', sex='f'}
Person{givenName='annabel', surname='ai', dateOfBirth='27/01/1983', sex='f'}
Person{givenName='blayke', surname='thomson', dateOfBirth='24/11/1984', sex='f'}
Person{givenName='kaysey', surname='gardyner', dateOfBirth='23/06/1996', sex='f'}
Person{givenName='jack', surname='brasher', dateOfBirth='14/08/1985', sex='f'}
Person{givenName='alexandra', surname='duplancic', dateOfBirth='25/08/1991', sex='m'}
Person{givenName='nicola', surname='ryely', dateOfBirth='21/05/1990', sex='m'}
Person{givenName='casey', surname='qu', dateOfBirth='27/02/1988', sex='f'}
Person{givenName='shona', surname='treent', dateOfBirth='20/03/1993', sex='f'}
Person{givenName='andrew', surname='straw', dateOfBirth='20/02/1981', sex='f'}
Person{givenName='jack', surname='brasher', dateOfBirth='04/04/1989', sex='f'}
Person{givenName='henry', surname='ga', dateOfBirth='19/05/1994', sex='f'}
Person{givenName='joshua', surname='murdoch', dateOfBirth='21/11/1992', sex='f'}
Person{givenName='caleb', surname='streckfuss', dateOfBirth='23/12/1992', sex='f'}
Person{givenName='sarah', surname='wjekeslava', dateOfBirth='13/06/1995', sex='f'}
Person{givenName='noah', surname='aslin', dateOfBirth='25/12/2008', sex='f'}
Person{givenName='ysobel', surname='josephson', dateOfBirth='11/07/1981', sex='f'}
Person{givenName='natalie', surname='strazzari', dateOfBirth='12/05/1997', sex='f'}
Person{givenName='courtney', surname='abrarmz', dateOfBirth='23/12/1991', sex='f'}
Person{givenName='jack', surname='scogin', dateOfBirth='27/12/2006', sex='f'}
Person{givenName='madalyn', surname='chavasse', dateOfBirth='19/06/1988', sex='f'}
Person{givenName='shakira', surname='ai', dateOfBirth='28/09/1982', sex='m'}
Person{givenName='oliver', surname='scofield', dateOfBirth='07/09/1991', sex='m'}
Person{givenName='lea', surname='√Öjheim', dateOfBirth='25/10/1990', sex='f'}
Person{givenName='madeline', surname='sheng', dateOfBirth='16/08/1992', sex='f'}
Person{givenName='ema', surname='hsiunck', dateOfBirth='21/02/1995', sex='f'}
Person{givenName='sarah', surname='sodhi', dateOfBirth='24/10/1984', sex='f'}
Person{givenName='tahlya', surname='herpertzt', dateOfBirth='03/07/2009', sex='f'}
Person{givenName='alicia', surname='si', dateOfBirth='15/03/2010', sex='f'}
Person{givenName='jasmine', surname='elizalde', dateOfBirth='23/12/1985', sex='f'}
Person{givenName='jacob', surname='pate', dateOfBirth='21/02/1991', sex='f'}
Person{givenName='alicia', surname='scorsone', dateOfBirth='17/05/1988', sex='f'}
Person{givenName='zajmine', surname='alfredsttton', dateOfBirth='30/09/1986', sex='f'}
Person{givenName='james', surname='sertic', dateOfBirth='15/08/1993', sex='f'}
Person{givenName='jack', surname='francis', dateOfBirth='29/05/1984', sex='f'}
Person{givenName='riley', surname='mcclellan', dateOfBirth='30/09/1990', sex='f'}
Person{givenName='channing', surname='ti', dateOfBirth='19/02/1982', sex='f'}
Person{givenName='midchell', surname='alackozay', dateOfBirth='19/06/2007', sex='f'}
Person{givenName='kaitlin', surname='junqueira', dateOfBirth='25/09/1982', sex='f'}
Person{givenName='oliver', surname='patton', dateOfBirth='16/06/1999', sex='f'}
Person{givenName='samantha', surname='du', dateOfBirth='30/01/1991', sex='f'}
Person{givenName='ben', surname='st', dateOfBirth='31/05/1983', sex='f'}
Person{givenName='kelsea', surname='knapp', dateOfBirth='20/03/1986', sex='f'}
Person{givenName='michaela', surname='vivek', dateOfBirth='08/08/2009', sex='m'}
Person{givenName='harley', surname='mackherdhuj', dateOfBirth='06/04/1986', sex='m'}
Person{givenName='nicola', surname='th√â', dateOfBirth='28/01/1993', sex='m'}
Person{givenName='raxel', surname='mork', dateOfBirth='05/03/1989', sex='m'}
Person{givenName='madiston', surname='jantana', dateOfBirth='22/03/1985', sex='f'}
Person{givenName='talia', surname='scolastique', dateOfBirth='06/01/1997', sex='f'}
Person{givenName='chelsea', surname='venter', dateOfBirth='10/09/1983', sex='f'}
Person{givenName='harriet', surname='stratou', dateOfBirth='30/06/1994', sex='m'}
Person{givenName='chriztopher', surname='stdelimovic', dateOfBirth='23/12/1993', sex='f'}
Person{givenName='jesse', surname='gardner', dateOfBirth='06/06/2008', sex='f'}
Person{givenName='matthew', surname='smithula', dateOfBirth='12/09/1994', sex='f'}
Person{givenName='kylee', surname='tyler', dateOfBirth='02/09/1990', sex='f'}
Person{givenName='bailey', surname='oliverson', dateOfBirth='22/03/1989', sex='f'}
Person{givenName='jack', surname='abbondandola', dateOfBirth='23/10/1982', sex='f'}
Person{givenName='richard', surname='scinto', dateOfBirth='13/08/1984', sex='f'}
Person{givenName='eliza', surname='gardiner', dateOfBirth='17/04/1985', sex='f'}
Person{givenName='midcel', surname='pustan', dateOfBirth='18/06/1993', sex='f'}
Person{givenName='zachary', surname='pudzijono', dateOfBirth='15/11/1987', sex='f'}
Person{givenName='kaitlin', surname='irwin', dateOfBirth='19/04/1997', sex='f'}
Person{givenName='sarah', surname='straw', dateOfBirth='27/11/1978', sex='f'}
Person{givenName='jam', surname='abbatijta', dateOfBirth='27/01/1993', sex='f'}
Person{givenName='dylan', surname='jo', dateOfBirth='09/01/2008', sex='f'}
Person{givenName='jack', surname='scollard', dateOfBirth='31/12/2006', sex='f'}
Person{givenName='andrew', surname='sangha', dateOfBirth='17/09/1982', sex='m'}
Person{givenName='joe', surname='carlyle', dateOfBirth='03/06/1986', sex='f'}
Person{givenName='madeleine', surname='manjto', dateOfBirth='12/04/1991', sex='f'}
Person{givenName='larissa', surname='rozic', dateOfBirth='25/07/1980', sex='f'}
Person{givenName='luca', surname='daniell', dateOfBirth='09/06/1991', sex='f'}
Person{givenName='jack', surname='vo', dateOfBirth='30/07/1988', sex='f'}
Person{givenName='sara', surname='fu', dateOfBirth='19/01/1996', sex='f'}
Person{givenName='katie', surname='strampher', dateOfBirth='01/04/1989', sex='f'}
Person{givenName='matthew', surname='strand', dateOfBirth='02/03/1987', sex='f'}
Person{givenName='alexander', surname='booner', dateOfBirth='15/07/2010', sex='m'}
Person{givenName='benjamin', surname='philips', dateOfBirth='08/11/2007', sex='f'}
Person{givenName='bodhi', surname='matthewson', dateOfBirth='16/09/2007', sex='f'}
Person{givenName='joel', surname='strampher', dateOfBirth='16/10/1986', sex='f'}
Person{givenName='sarah', surname='spence', dateOfBirth='30/09/1993', sex='f'}
Person{givenName='jory', surname='shi', dateOfBirth='28/11/1985', sex='f'}
Person{givenName='kylee', surname='aarcy', dateOfBirth='16/08/1986', sex='f'}
Person{givenName='oliver', surname='stratou', dateOfBirth='22/05/1985', sex='f'}
Person{givenName='ckira', surname='pendkeva', dateOfBirth='08/07/2010', sex='f'}
Person{givenName='jock', surname='stephens', dateOfBirth='19/12/1981', sex='f'}
Person{givenName='harry', surname='abadi', dateOfBirth='22/09/1997', sex='f'}
Person{givenName='madeleine', surname='travis', dateOfBirth='30/06/1981', sex='f'}
Person{givenName='natasha', surname='scolastique', dateOfBirth='19/02/1988', sex='f'}
Person{givenName='deakin', surname='guttfreund', dateOfBirth='04/09/1998', sex='f'}
Person{givenName='finn', surname='sauvake', dateOfBirth='20/09/1990', sex='m'}
Person{givenName='sam', surname='ho', dateOfBirth='22/01/1986', sex='f'}
Person{givenName='lucas', surname='ramchandra', dateOfBirth='23/05/1996', sex='f'}
Person{givenName='emma', surname='aras', dateOfBirth='10/04/1985', sex='f'}
Person{givenName='ella', surname='scofield', dateOfBirth='01/06/1994', sex='f'}
Person{givenName='connor', surname='in', dateOfBirth='20/12/1991', sex='f'}
Person{givenName='jasper', surname='strampher', dateOfBirth='20/01/1989', sex='f'}
Person{givenName='daniel', surname='strampher', dateOfBirth='21/12/2011', sex='f'}
Person{givenName='gracie', surname='ramnani', dateOfBirth='28/03/2009', sex='f'}
Person{givenName='samuel', surname='quincy', dateOfBirth='05/12/1984', sex='f'}
Person{givenName='ebonie', surname='haines', dateOfBirth='31/12/1992', sex='m'}
Person{givenName='jamez', surname='timothyzon', dateOfBirth='21/10/1998', sex='f'}
Person{givenName='jesse', surname='scorsone', dateOfBirth='21/08/1992', sex='f'}
Person{givenName='portia', surname='k', dateOfBirth='13/09/1992', sex='f'}
Person{givenName='keziah', surname='straw', dateOfBirth='09/06/1993', sex='f'}
Person{givenName='alexandeah', surname='rustsell', dateOfBirth='07/01/1986', sex='f'}
Person{givenName='luk', surname='kramar', dateOfBirth='31/12/1989', sex='f'}
Person{givenName='jack', surname='morse', dateOfBirth='18/10/1992', sex='f'}
Person{givenName='madison', surname='pi', dateOfBirth='28/04/1982', sex='m'}
Person{givenName='lacey', surname='strapp', dateOfBirth='29/06/1987', sex='f'}
Person{givenName='jack', surname='bradshaw', dateOfBirth='02/05/1995', sex='f'}
Person{givenName='mixell', surname='richaahdson', dateOfBirth='01/04/1982', sex='m'}
Person{givenName='stamanta', surname='du', dateOfBirth='30/01/1991', sex='f'}
Person{givenName='john', surname='scogin', dateOfBirth='20/05/1987', sex='f'}
Person{givenName='imocken', surname='kreskh', dateOfBirth='26/08/1989', sex='m'}
Person{givenName='imogen', surname='zoysa', dateOfBirth='30/09/1984', sex='f'}
Person{givenName='tegan', surname='fu', dateOfBirth='20/01/1991', sex='f'}
Person{givenName='madeline', surname='scoby', dateOfBirth='08/10/1992', sex='f'}
Person{givenName='benjamin', surname='paul', dateOfBirth='21/06/1990', sex='m'}
Person{givenName='zach', surname='strahn', dateOfBirth='21/08/1990', sex='f'}
Person{givenName='noah', surname='beach', dateOfBirth='12/02/1988', sex='f'}
Person{givenName='joel', surname='carhmidru', dateOfBirth='23/10/1988', sex='f'}
Person{givenName='ella', surname='ni', dateOfBirth='26/04/1992', sex='f'}
Person{givenName='connor', surname='stephens', dateOfBirth='14/03/1992', sex='f'}
Person{givenName='jake', surname='javaheri', dateOfBirth='27/11/1983', sex='f'}
Person{givenName='chelsea', surname='xu', dateOfBirth='04/10/1995', sex='m'}
Person{givenName='emiily', surname='strampher', dateOfBirth='29/04/1993', sex='f'}
Person{givenName='stephen', surname='roberson', dateOfBirth='23/02/2009', sex='f'}
Person{givenName='mitchell', surname='beirne', dateOfBirth='30/04/1990', sex='f'}
Person{givenName='dante', surname='scinto', dateOfBirth='05/10/1987', sex='f'}
Person{givenName='ka', surname='zojhipura', dateOfBirth='02/05/1981', sex='v'}
Person{givenName='zamuel', surname='leunck', dateOfBirth='05/07/1984', sex='f'}
Person{givenName='tahlia', surname='byers', dateOfBirth='11/12/1994', sex='f'}
Person{givenName='teagan', surname='strehovski', dateOfBirth='02/10/1985', sex='f'}
Person{givenName='jessica', surname='leonardzon', dateOfBirth='13/08/1986', sex='f'}
Person{givenName='petreece', surname='bau', dateOfBirth='21/07/1982', sex='m'}
Person{givenName='bailey', surname='ju', dateOfBirth='01/09/1985', sex='f'}
Person{givenName='xavier', surname='lardenoit', dateOfBirth='17/08/1985', sex='f'}
Person{givenName='andrew', surname='kong', dateOfBirth='10/09/1983', sex='f'}
Person{givenName='holly', surname='engarchou', dateOfBirth='27/04/1993', sex='m'}
Person{givenName='jastlyn', surname='ckanon', dateOfBirth='20/06/1992', sex='f'}
Person{givenName='harry', surname='abbondandola', dateOfBirth='07/12/1993', sex='f'}
Person{givenName='kade', surname='he', dateOfBirth='10/12/1999', sex='f'}
Person{givenName='ccckaela', surname='o', dateOfBirth='04/02/1981', sex='m'}
Person{givenName='katelin', surname='in', dateOfBirth='10/03/1982', sex='f'}
Person{givenName='casey', surname='strawbridge', dateOfBirth='26/02/1985', sex='f'}
Person{givenName='caitlyn', surname='maskala', dateOfBirth='24/09/1996', sex='f'}
Person{givenName='joe', surname='brunner', dateOfBirth='23/06/1985', sex='f'}
Person{givenName='benjamin', surname='steinhauser', dateOfBirth='17/02/1994', sex='f'}
Person{givenName='wilson', surname='strahn', dateOfBirth='24/07/2007', sex='f'}
Person{givenName='yana', surname='mayst', dateOfBirth='17/10/1996', sex='f'}
Person{givenName='cooper', surname='balanowski', dateOfBirth='20/02/1987', sex='f'}
Person{givenName='brooke', surname='pecur', dateOfBirth='22/05/1990', sex='f'}
Person{givenName='hana', surname='tao', dateOfBirth='17/02/1995', sex='f'}
Person{givenName='montana', surname='oyonkk', dateOfBirth='02/05/1992', sex='m'}
Person{givenName='eliza', surname='casey', dateOfBirth='07/03/1986', sex='f'}
Person{givenName='nicole', surname='harral', dateOfBirth='08/01/1984', sex='f'}
Person{givenName='jacob', surname='abbatista', dateOfBirth='19/09/1990', sex='m'}
Person{givenName='deakin', surname='stephens', dateOfBirth='06/05/1988', sex='f'}
Person{givenName='gracie', surname='yi', dateOfBirth='19/09/1988', sex='f'}
Person{givenName='tomazt', surname='campbel', dateOfBirth='17/02/1997', sex='f'}
Person{givenName='ky', surname='sacobjen', dateOfBirth='11/11/1989', sex='v'}
Person{givenName='taylah', surname='sadaf', dateOfBirth='02/02/1992', sex='f'}
Person{givenName='kyle', surname='chennault', dateOfBirth='28/12/1995', sex='m'}
Person{givenName='harry', surname='partos', dateOfBirth='21/01/1992', sex='f'}
Person{givenName='lucas', surname='scollard', dateOfBirth='29/11/1992', sex='f'}
Person{givenName='harrison', surname='macgregor', dateOfBirth='30/12/1993', sex='f'}
Person{givenName='harry', surname='mo', dateOfBirth='18/04/1983', sex='f'}
Person{givenName='shane', surname='strazzari', dateOfBirth='15/06/1987', sex='f'}
Person{givenName='jack', surname='bray', dateOfBirth='16/03/1983', sex='f'}
Person{givenName='alisha', surname='samiah', dateOfBirth='01/07/1998', sex='f'}
Person{givenName='konnor', surname='stevens', dateOfBirth='14/03/1992', sex='f'}
Person{givenName='luke', surname='omerovic', dateOfBirth='08/07/1981', sex='f'}
Person{givenName='keoahk', surname='lu', dateOfBirth='18/10/2009', sex='f'}
Person{givenName='arker', surname='matez', dateOfBirth='04/12/1972', sex='m'}
Person{givenName='mathilde', surname='scogin', dateOfBirth='22/05/1981', sex='f'}
Person{givenName='anthony', surname='strainij', dateOfBirth='27/05/2005', sex='f'}
Person{givenName='mikayla', surname='lo', dateOfBirth='28/10/1996', sex='f'}
Person{givenName='sarah', surname='fu', dateOfBirth='01/02/2012', sex='f'}
Person{givenName='isabela', surname='jands', dateOfBirth='19/05/1989', sex='f'}
Person{givenName='brielle', surname='ryer', dateOfBirth='09/01/1989', sex='f'}
Person{givenName='sam', surname='christinson', dateOfBirth='03/03/1986', sex='f'}
Person{givenName='jacqueline', surname='clifford', dateOfBirth='31/01/1983', sex='f'}
Person{givenName='thomas', surname='christophers', dateOfBirth='03/03/1986', sex='f'}
Person{givenName='deakin', surname='bryan', dateOfBirth='29/08/1991', sex='m'}
Person{givenName='zachary', surname='musil', dateOfBirth='27/06/1988', sex='f'}
Person{givenName='liam', surname='manglorkar', dateOfBirth='11/10/1982', sex='f'}
Person{givenName='nathan', surname='streckfuss', dateOfBirth='02/06/1994', sex='f'}
Person{givenName='emiily', surname='robert', dateOfBirth='30/09/2006', sex='f'}
Person{givenName='aleantra', surname='yuck', dateOfBirth='30/10/1987', sex='f'}
Person{givenName='ysopel', surname='ccku', dateOfBirth='28/07/1985', sex='m'}
Person{givenName='jacqueline', surname='garsta', dateOfBirth='16/10/2005', sex='f'}
Person{givenName='jad', surname='huddleson', dateOfBirth='22/11/1988', sex='m'}
Person{givenName='sarah', surname='do', dateOfBirth='22/02/1991', sex='f'}
Person{givenName='ela', surname='lo', dateOfBirth='31/10/1989', sex='f'}
Person{givenName='alessia', surname='scolastique', dateOfBirth='27/04/1980', sex='f'}
Person{givenName='daniel', surname='streckfuss', dateOfBirth='07/12/1989', sex='f'}
Person{givenName='joshua', surname='isaacs', dateOfBirth='01/11/1982', sex='m'}
Person{givenName='alice', surname='ceau√äescu', dateOfBirth='30/12/1990', sex='f'}
Person{givenName='ryan', surname='yu', dateOfBirth='21/04/1995', sex='f'}
Person{givenName='charles', surname='harrison', dateOfBirth='12/06/1990', sex='f'}
Person{givenName='annalise', surname='scoby', dateOfBirth='18/12/1990', sex='f'}
Person{givenName='andre', surname='mcmilan', dateOfBirth='01/10/1990', sex='v'}
Person{givenName='lachlan', surname='penninkdon', dateOfBirth='08/05/1984', sex='m'}
Person{givenName='tiahnee', surname='strawbridge', dateOfBirth='03/03/1990', sex='f'}
Person{givenName='mitchell', surname='scolastique', dateOfBirth='30/09/1997', sex='f'}
Person{givenName='zakira', surname='ay', dateOfBirth='28/09/1982', sex='m'}
Person{givenName='ethan', surname='do', dateOfBirth='18/08/1997', sex='f'}
Person{givenName='william', surname='ou', dateOfBirth='02/07/1987', sex='f'}
Person{givenName='pol', surname='chrijdyans', dateOfBirth='09/01/1991', sex='f'}
Person{givenName='anastasya', surname='dicxon', dateOfBirth='24/01/1987', sex='f'}
Person{givenName='jack', surname='strampher', dateOfBirth='01/03/1992', sex='f'}
Person{givenName='annabel', surname='scorsone', dateOfBirth='24/02/1989', sex='m'}
Person{givenName='jack', surname='scottjackson', dateOfBirth='05/08/1989', sex='f'}
Person{givenName='trinity', surname='tasker', dateOfBirth='29/05/1990', sex='m'}
Person{givenName='elisa', surname='l', dateOfBirth='05/07/1993', sex='v'}
Person{givenName='noa', surname='zupodh', dateOfBirth='05/09/1995', sex='f'}
Person{givenName='trijtan', surname='apalon', dateOfBirth='13/05/1998', sex='f'}
Person{givenName='aleecsandra', surname='nampissan', dateOfBirth='06/12/2009', sex='f'}
Person{givenName='mitecsel', surname='baahdoli', dateOfBirth='10/07/1990', sex='f'}
Person{givenName='sophie', surname='ge', dateOfBirth='03/07/1983', sex='f'}
Person{givenName='lucy', surname='streckfuss', dateOfBirth='28/04/1987', sex='f'}
Person{givenName='ben', surname='strainij', dateOfBirth='13/06/1983', sex='m'}
Person{givenName='keegan', surname='scime', dateOfBirth='02/04/1993', sex='m'}
Person{givenName='ethan', surname='scorsone', dateOfBirth='06/09/1992', sex='f'}
Person{givenName='jordan', surname='seymour', dateOfBirth='07/07/1987', sex='f'}
Person{givenName='madison', surname='parker', dateOfBirth='25/03/1994', sex='f'}
Person{givenName='zasmine', surname='evanjton', dateOfBirth='08/09/1997', sex='f'}
Person{givenName='sam', surname='abbatista', dateOfBirth='27/01/1993', sex='f'}
Person{givenName='erin', surname='gunawan', dateOfBirth='24/10/2005', sex='f'}
Person{givenName='maliah', surname='kitchens', dateOfBirth='15/11/1975', sex='f'}
Person{givenName='aliza', surname='strazzari', dateOfBirth='12/05/1991', sex='f'}
Person{givenName='harry', surname='abadi', dateOfBirth='25/12/1988', sex='f'}
Person{givenName='kelstei', surname='paraona', dateOfBirth='28/06/1983', sex='f'}
Person{givenName='blaize', surname='sull', dateOfBirth='18/03/1984', sex='f'}
Person{givenName='alicia', surname='strampher', dateOfBirth='12/12/1991', sex='f'}
Person{givenName='jasmine', surname='mu', dateOfBirth='11/10/1977', sex='f'}
Person{givenName='angelina', surname='thakur', dateOfBirth='04/06/1989', sex='f'}
Person{givenName='ckaidlin', surname='rendulick', dateOfBirth='13/07/2000', sex='m'}
Person{givenName='sophi', surname='maccckam', dateOfBirth='16/09/1997', sex='m'}
Person{givenName='tara', surname='strazzari', dateOfBirth='22/02/1987', sex='f'}
Person{givenName='elli', surname='scollard', dateOfBirth='27/04/1981', sex='f'}
Person{givenName='skye', surname='deadman', dateOfBirth='10/10/1993', sex='f'}
Person{givenName='mackenzie', surname='aarcy', dateOfBirth='01/11/2008', sex='f'}
Person{givenName='emiily', surname='mcpherson', dateOfBirth='19/04/1982', sex='f'}
Person{givenName='chase', surname='scime', dateOfBirth='14/12/1979', sex='m'}
Person{givenName='danil', surname='mutompo', dateOfBirth='21/04/2006', sex='f'}
Person{givenName='kyl', surname='otonel', dateOfBirth='18/01/2010', sex='f'}
Person{givenName='kiara', surname='sijercic', dateOfBirth='12/06/1979', sex='f'}
Person{givenName='kiria', surname='knight', dateOfBirth='16/07/1982', sex='f'}
Person{givenName='sam', surname='stephens', dateOfBirth='31/01/1987', sex='f'}
Person{givenName='elise', surname='streich', dateOfBirth='12/01/1988', sex='f'}
Person{givenName='christyan', surname='zisccka', dateOfBirth='12/10/1993', sex='f'}
Person{givenName='harriet', surname='halim', dateOfBirth='19/09/1993', sex='f'}
Person{givenName='lachlan', surname='abbatista', dateOfBirth='27/05/1988', sex='f'}
Person{givenName='dylan', surname='abadi', dateOfBirth='27/03/1981', sex='m'}
Person{givenName='olivia', surname='moran', dateOfBirth='07/01/1987', sex='f'}
Person{givenName='petrice', surname='pena', dateOfBirth='24/06/1994', sex='f'}
Person{givenName='baylei', surname='manck', dateOfBirth='27/08/1989', sex='f'}
Person{givenName='courtney', surname='nathans', dateOfBirth='14/03/1991', sex='f'}
Person{givenName='george', surname='hamori', dateOfBirth='14/01/1990', sex='f'}
Person{givenName='lucy', surname='sanchez', dateOfBirth='02/07/1989', sex='f'}
Person{givenName='blake', surname='sullivan', dateOfBirth='23/11/1989', sex='f'}
Person{givenName='tara', surname='bartosz', dateOfBirth='25/08/1998', sex='f'}
Person{givenName='lachlan', surname='ng', dateOfBirth='01/02/1992', sex='m'}
Person{givenName='zacharie', surname='ausdin', dateOfBirth='12/07/1988', sex='f'}
Person{givenName='isabele', surname='krojpy', dateOfBirth='07/11/1991', sex='m'}
Person{givenName='angus', surname='shih', dateOfBirth='25/12/1988', sex='f'}
Person{givenName='timoty', surname='nguyen', dateOfBirth='11/07/2005', sex='f'}
Person{givenName='emiili', surname='po', dateOfBirth='26/05/1993', sex='f'}
Person{givenName='lucas', surname='panjwani', dateOfBirth='18/05/1983', sex='f'}
Person{givenName='aleander', surname='jhielts', dateOfBirth='23/04/1991', sex='f'}
Person{givenName='tayla', surname='akers', dateOfBirth='18/01/1985', sex='f'}
Person{givenName='marianne', surname='llowarch', dateOfBirth='28/07/1990', sex='f'}
Person{givenName='isabella', surname='in', dateOfBirth='24/01/1988', sex='m'}
Person{givenName='peter', surname='scjum', dateOfBirth='26/03/1984', sex='m'}
Person{givenName='patrikk', surname='kan', dateOfBirth='13/10/2010', sex='f'}
Person{givenName='flynn', surname='house', dateOfBirth='26/09/1988', sex='f'}
Person{givenName='tara', surname='mactokall', dateOfBirth='10/08/1987', sex='m'}
Person{givenName='charhlea', surname='stra', dateOfBirth='24/08/1990', sex='f'}
Person{givenName='aloysius', surname='harrington', dateOfBirth='02/06/1984', sex='f'}
Person{givenName='madeline', surname='stratou', dateOfBirth='28/09/1997', sex='f'}
Person{givenName='jakob', surname='serano', dateOfBirth='21/11/1985', sex='f'}
Person{givenName='ella', surname='sa', dateOfBirth='14/11/1989', sex='f'}
Person{givenName='katie', surname='strapp', dateOfBirth='02/02/1990', sex='f'}
Person{givenName='maxin', surname='rajabhushan', dateOfBirth='17/11/1987', sex='f'}
Person{givenName='rebeckah', surname='fukmirika', dateOfBirth='23/06/1984', sex='f'}
Person{givenName='madison', surname='mangal', dateOfBirth='02/03/1984', sex='f'}
Person{givenName='nicholas', surname='elmerson', dateOfBirth='30/10/1983', sex='f'}
Person{givenName='amber', surname='lo', dateOfBirth='14/07/1979', sex='f'}
Person{givenName='leo', surname='so', dateOfBirth='11/10/1986', sex='f'}
Person{givenName='alissa', surname='scollard', dateOfBirth='06/10/1984', sex='m'}
Person{givenName='isaac', surname='sciacca', dateOfBirth='01/07/1991', sex='f'}
Person{givenName='gabriel', surname='ge', dateOfBirth='05/03/1979', sex='f'}
Person{givenName='sascha', surname='iu', dateOfBirth='25/12/1985', sex='m'}
Person{givenName='keadon', surname='hinst', dateOfBirth='26/11/1997', sex='f'}
Person{givenName='jacob', surname='strampher', dateOfBirth='03/08/1991', sex='f'}
Person{givenName='noah', surname='burris', dateOfBirth='18/12/1993', sex='f'}
Person{givenName='kameron', surname='banistdeah', dateOfBirth='18/04/1998', sex='m'}
Person{givenName='alexandra', surname='kalman', dateOfBirth='22/10/1994', sex='f'}
Person{givenName='blak', surname='nguyendan', dateOfBirth='18/09/1997', sex='f'}
Person{givenName='rili', surname='vikueroa', dateOfBirth='06/02/1993', sex='m'}
Person{givenName='olifea', surname='eronilte', dateOfBirth='28/04/1998', sex='m'}
Person{givenName='isabella', surname='ashley', dateOfBirth='17/12/1991', sex='f'}
Person{givenName='matthew', surname='houng', dateOfBirth='08/12/1984', sex='f'}
Person{givenName='lily', surname='ia', dateOfBirth='20/06/1988', sex='f'}
Person{givenName='jack', surname='jensen', dateOfBirth='23/02/1978', sex='f'}
Person{givenName='neneh', surname='taniskovic', dateOfBirth='05/07/1989', sex='m'}
Person{givenName='jasmine', surname='scopel', dateOfBirth='10/12/1984', sex='f'}
Person{givenName='harvey', surname='tanner', dateOfBirth='10/02/2006', sex='f'}
Person{givenName='makenzie', surname='clopes', dateOfBirth='18/12/1993', sex='m'}
Person{givenName='jostephine', surname='koyokaru', dateOfBirth='21/01/1999', sex='f'}
Person{givenName='angelica', surname='abbondandola', dateOfBirth='08/08/1988', sex='f'}
Person{givenName='andrew', surname='pryor', dateOfBirth='13/05/1993', sex='f'}
Person{givenName='daniel', surname='jaaskelainen', dateOfBirth='23/08/1992', sex='f'}
Person{givenName='ethan', surname='au', dateOfBirth='20/01/1983', sex='f'}
Person{givenName='alexander', surname='scolastique', dateOfBirth='05/06/1985', sex='f'}
Person{givenName='brianna', surname='scollard', dateOfBirth='25/11/1983', sex='f'}
Person{givenName='charlee', surname='nathans', dateOfBirth='17/07/1982', sex='f'}
Person{givenName='braedon', surname='elmerson', dateOfBirth='08/11/1989', sex='f'}
Person{givenName='mathew', surname='toivola', dateOfBirth='22/06/2009', sex='f'}
Person{givenName='pensamin', surname='ranganadhan', dateOfBirth='13/05/1997', sex='f'}
Person{givenName='alexander', surname='josephs', dateOfBirth='28/12/1989', sex='f'}
Person{givenName='jesse', surname='scollard', dateOfBirth='25/04/1989', sex='f'}
Person{givenName='rili', surname='eper', dateOfBirth='14/01/1981', sex='f'}
Person{givenName='isabele', surname='meahricxon', dateOfBirth='03/08/1990', sex='f'}
Person{givenName='christyan', surname='ztoutheahs', dateOfBirth='05/08/1986', sex='f'}
Person{givenName='ethan', surname='do', dateOfBirth='18/08/1997', sex='f'}
Person{givenName='shelbey', surname='ji', dateOfBirth='07/01/1982', sex='f'}
Person{givenName='jayten', surname='sankam', dateOfBirth='16/12/2006', sex='f'}
Person{givenName='jemima', surname='haney', dateOfBirth='26/01/1985', sex='f'}
Person{givenName='natalia', surname='abbetmeyer', dateOfBirth='06/12/1992', sex='f'}
Person{givenName='alexanteah', surname='scovild', dateOfBirth='16/03/1997', sex='f'}
Person{givenName='eliza', surname='scottjackson', dateOfBirth='01/07/1989', sex='f'}
Person{givenName='samuel', surname='garza', dateOfBirth='02/05/1989', sex='f'}
Person{givenName='eleanor', surname='strehovski', dateOfBirth='27/05/1989', sex='f'}
Person{givenName='emiily', surname='velazquez', dateOfBirth='09/02/2014', sex='f'}
Person{givenName='william', surname='in', dateOfBirth='05/09/1983', sex='f'}
Person{givenName='stamuel', surname='earlsth', dateOfBirth='19/10/1993', sex='f'}
Person{givenName='angelicka', surname='sdhiomi', dateOfBirth='01/09/1995', sex='f'}
Person{givenName='campbell', surname='cochran', dateOfBirth='22/02/1991', sex='f'}
Person{givenName='sloe', surname='mateson', dateOfBirth='10/07/1997', sex='f'}
Person{givenName='sopie', surname='ccckalinowski', dateOfBirth='03/10/1981', sex='f'}
Person{givenName='alex', surname='mckellar', dateOfBirth='22/09/1999', sex='f'}
Person{givenName='evan', surname='bulle', dateOfBirth='11/08/1984', sex='f'}
Person{givenName='olivia', surname='pritish', dateOfBirth='12/12/1988', sex='f'}
Person{givenName='benjamin', surname='pat', dateOfBirth='29/08/1992', sex='m'}
Person{givenName='jacqueline', surname='strazzari', dateOfBirth='03/08/1998', sex='f'}
Person{givenName='thomas', surname='vintston', dateOfBirth='30/04/1992', sex='m'}
Person{givenName='ky', surname='jacobsen', dateOfBirth='11/11/1989', sex='f'}
Person{givenName='isabelle', surname='li', dateOfBirth='03/03/1983', sex='f'}
Person{givenName='brayden', surname='barr', dateOfBirth='25/05/1979', sex='f'}
Person{givenName='olivia', surname='strampher', dateOfBirth='23/12/1983', sex='m'}
Person{givenName='cameron', surname='ku', dateOfBirth='16/09/1987', sex='f'}
Person{givenName='samantha', surname='couto', dateOfBirth='29/12/1992', sex='f'}
Person{givenName='daniel', surname='aarcy', dateOfBirth='31/07/1994', sex='f'}
Person{givenName='jaxson', surname='ai', dateOfBirth='23/04/1986', sex='f'}
Person{givenName='jaykob', surname='oberne', dateOfBirth='22/01/2012', sex='f'}
Person{givenName='charlotte', surname='sz', dateOfBirth='14/06/1999', sex='f'}
Person{givenName='jassim', surname='simonson', dateOfBirth='09/08/1992', sex='f'}
Person{givenName='kylea', surname='cavanokh', dateOfBirth='10/08/1988', sex='m'}
Person{givenName='chloe', surname='best', dateOfBirth='14/07/1996', sex='f'}
Person{givenName='olivia', surname='kathirah', dateOfBirth='28/07/1977', sex='f'}
Person{givenName='amber', surname='ut', dateOfBirth='04/09/1984', sex='f'}
Person{givenName='jami', surname='avila', dateOfBirth='22/10/1991', sex='f'}
Person{givenName='aleijha', surname='dstwo', dateOfBirth='13/02/1988', sex='f'}
Person{givenName='harry', surname='mercer', dateOfBirth='10/02/2008', sex='f'}
Person{givenName='alice', surname='paliakov', dateOfBirth='07/05/1997', sex='f'}
Person{givenName='ka', surname='scirri', dateOfBirth='07/08/1985', sex='f'}
Person{givenName='castey', surname='kenk', dateOfBirth='19/02/1991', sex='m'}
Person{givenName='jesse', surname='chugani', dateOfBirth='19/06/1989', sex='f'}
Person{givenName='alexander', surname='kan', dateOfBirth='14/06/1981', sex='f'}
Person{givenName='noa', surname='mullinj', dateOfBirth='02/08/1984', sex='f'}
Person{givenName='alessandria', surname='mar', dateOfBirth='16/02/1986', sex='f'}
Person{givenName='betany', surname='atkinz', dateOfBirth='22/05/1991', sex='f'}
Person{givenName='danjel', surname='sclafani', dateOfBirth='26/04/1987', sex='f'}
Person{givenName='jacob', surname='sclater', dateOfBirth='16/12/1989', sex='f'}
Person{givenName='anecka', surname='hng', dateOfBirth='29/06/1995', sex='f'}
Person{givenName='flynn', surname='horne', dateOfBirth='11/11/1996', sex='f'}
Person{givenName='bradley', surname='alinavec', dateOfBirth='24/01/1989', sex='f'}
Person{givenName='lochlan', surname='dibyendu', dateOfBirth='24/02/1987', sex='f'}
Person{givenName='isabela', surname='giles', dateOfBirth='26/12/1991', sex='f'}
Person{givenName='james', surname='petty', dateOfBirth='23/03/2008', sex='m'}
Person{givenName='aliza', surname='sa', dateOfBirth='13/10/1986', sex='f'}
Person{givenName='jak', surname='victoahsen', dateOfBirth='10/09/1989', sex='f'}
Person{givenName='finley', surname='abbondandola', dateOfBirth='21/01/1988', sex='f'}
Person{givenName='james', surname='mcentire', dateOfBirth='30/04/1994', sex='f'}
Person{givenName='jack', surname='derrickson', dateOfBirth='19/07/1996', sex='f'}
Person{givenName='evangelia', surname='siregar', dateOfBirth='06/10/1992', sex='m'}
Person{givenName='kai', surname='ryly', dateOfBirth='26/07/1979', sex='f'}
Person{givenName='daniel', surname='stratou', dateOfBirth='14/03/1988', sex='f'}
Person{givenName='sackson', surname='manala', dateOfBirth='16/08/1983', sex='f'}
Person{givenName='olivia', surname='strangway', dateOfBirth='24/08/1985', sex='f'}
Person{givenName='michael', surname='moreno', dateOfBirth='04/06/1993', sex='m'}
Person{givenName='olivia', surname='noriza', dateOfBirth='18/11/1991', sex='f'}
Person{givenName='lauren', surname='pi', dateOfBirth='23/10/1994', sex='f'}
Person{givenName='joanna', surname='li', dateOfBirth='15/08/2008', sex='f'}
Person{givenName='caidlin', surname='istkandar', dateOfBirth='10/11/1989', sex='f'}
Person{givenName='tahni', surname='thakuah', dateOfBirth='24/10/1992', sex='f'}
Person{givenName='jacqueline', surname='matthewson', dateOfBirth='21/05/1993', sex='f'}
Person{givenName='matthew', surname='streich', dateOfBirth='11/08/1983', sex='f'}
Person{givenName='adam', surname='gamble', dateOfBirth='04/02/1994', sex='f'}
Person{givenName='harry', surname='abbey', dateOfBirth='17/08/1985', sex='f'}
Person{givenName='tarnee', surname='strainij', dateOfBirth='13/10/1988', sex='f'}
Person{givenName='clo', surname='frankhesketti', dateOfBirth='08/12/1980', sex='f'}
Person{givenName='jordan', surname='alapassi', dateOfBirth='30/11/1995', sex='m'}
Person{givenName='brendan', surname='mulinst', dateOfBirth='13/05/1987', sex='f'}
Person{givenName='zac', surname='morton', dateOfBirth='27/11/2007', sex='f'}
Person{givenName='harriet', surname='iu', dateOfBirth='06/09/1992', sex='f'}
Person{givenName='danilla', surname='jtamamah', dateOfBirth='03/06/1986', sex='f'}
Person{givenName='lucas', surname='rege', dateOfBirth='23/12/1995', sex='f'}
Person{givenName='samuel', surname='mark', dateOfBirth='18/11/1996', sex='f'}
Person{givenName='ella', surname='strekkfuas', dateOfBirth='12/12/1999', sex='f'}
Person{givenName='april', surname='yo', dateOfBirth='03/03/1986', sex='f'}
Person{givenName='phoenix', surname='scogin', dateOfBirth='08/01/1987', sex='f'}
Person{givenName='caleb', surname='streckfuss', dateOfBirth='09/12/1983', sex='m'}
Person{givenName='sonja', surname='venizelos', dateOfBirth='22/04/2008', sex='f'}
Person{givenName='kaidlyn', surname='albeahts', dateOfBirth='23/11/1986', sex='f'}
Person{givenName='harry', surname='abbatista', dateOfBirth='20/07/1984', sex='f'}
Person{givenName='dhomas', surname='oboyl', dateOfBirth='05/10/1978', sex='f'}
Person{givenName='harriet', surname='scorsone', dateOfBirth='30/05/1987', sex='f'}
Person{givenName='annabelle', surname='scogin', dateOfBirth='21/08/1989', sex='f'}
Person{givenName='yasdmin', surname='vrang', dateOfBirth='09/07/1981', sex='f'}
Person{givenName='kayjey', surname='stdidolp', dateOfBirth='13/11/1995', sex='m'}
Person{givenName='bryty', surname='scolastique', dateOfBirth='28/11/1982', sex='f'}
Person{givenName='jack', surname='hollands', dateOfBirth='07/06/1985', sex='f'}
Person{givenName='jack', surname='shigeki', dateOfBirth='01/12/1997', sex='f'}
Person{givenName='maliah', surname='denel', dateOfBirth='17/09/2006', sex='m'}
Person{givenName='samir', surname='garrison', dateOfBirth='20/07/1983', sex='f'}
Person{givenName='sarah', surname='stratou', dateOfBirth='29/07/1988', sex='f'}
Person{givenName='james', surname='alberts', dateOfBirth='09/09/2006', sex='m'}
Person{givenName='jacob', surname='strawbridge', dateOfBirth='27/05/1993', sex='f'}
Person{givenName='shai', surname='straw', dateOfBirth='24/05/1993', sex='f'}
